{
  "HTTP Request_query": {
    "transaction": "HTTP Request_query",
    "sampleCount": 10000,
    "errorCount": 0,
    "errorPct": 0.0,
    "meanResTime": 41378.86150000011,
    "medianResTime": 40450.0,
    "minResTime": 327.0,
    "maxResTime": 99459.0,
    "pct1ResTime": 71439.79999999999,
    "pct2ResTime": 81517.09999999996,
    "pct3ResTime": 96542.67,
    "throughput": 19.494887465762105,
    "receivedKBytesPerSec": 282.28762109675796,
    "sentKBytesPerSec": 3.615130789372362
  },
  "HTTP Request_update": {
    "transaction": "HTTP Request_update",
    "sampleCount": 10000,
    "errorCount": 0,
    "errorPct": 0.0,
    "meanResTime": 18112.953600000037,
    "medianResTime": 11671.5,
    "minResTime": 0.0,
    "maxResTime": 83675.0,
    "pct1ResTime": 43968.8,
    "pct2ResTime": 53517.649999999994,
    "pct3ResTime": 77142.21999999999,
    "throughput": 21.058439274831585,
    "receivedKBytesPerSec": 6.988905262556621,
    "sentKBytesPerSec": 5.429128875542518
  },
  "Total": {
    "transaction": "Total",
    "sampleCount": 30000,
    "errorCount": 0,
    "errorPct": 0.0,
    "meanResTime": 28929.57623333336,
    "medianResTime": 32802.5,
    "minResTime": 0.0,
    "maxResTime": 99459.0,
    "pct1ResTime": 65181.9,
    "pct2ResTime": 77343.9,
    "pct3ResTime": 93571.81000000003,
    "throughput": 58.47474475773913,
    "receivedKBytesPerSec": 296.6614834287446,
    "sentKBytesPerSec": 14.825984108635355
  },
  "HTTP Request_create": {
    "transaction": "HTTP Request_create",
    "sampleCount": 10000,
    "errorCount": 0,
    "errorPct": 0.0,
    "meanResTime": 27296.913599999967,
    "medianResTime": 26166.5,
    "minResTime": 0.0,
    "maxResTime": 83697.0,
    "pct1ResTime": 54285.8,
    "pct2ResTime": 65029.799999999996,
    "pct3ResTime": 80041.7,
    "throughput": 22.149326328239727,
    "receivedKBytesPerSec": 9.03723445380315,
    "sentKBytesPerSec": 7.029815485037022
  }
}