{
  "HTTP Request_query" : {
    "transaction" : "HTTP Request_query",
    "sampleCount" : 100000,
    "errorCount" : 942,
    "errorPct" : 0.942,
    "meanResTime" : 527.8318899999987,
    "medianResTime" : 1005.0,
    "minResTime" : 1.0,
    "maxResTime" : 10050.0,
    "pct1ResTime" : 2412.9000000000015,
    "pct2ResTime" : 2658.9500000000007,
    "pct3ResTime" : 3272.980000000003,
    "throughput" : 789.2348368256975,
    "receivedKBytesPerSec" : 11936.705061708299,
    "sentKBytesPerSec" : 144.97703665749182
  },
  "HTTP Request_update" : {
    "transaction" : "HTTP Request_update",
    "sampleCount" : 100000,
    "errorCount" : 1388,
    "errorPct" : 1.388,
    "meanResTime" : 473.29202000000294,
    "medianResTime" : 908.0,
    "minResTime" : 0.0,
    "maxResTime" : 9711.0,
    "pct1ResTime" : 2213.9000000000015,
    "pct2ResTime" : 2400.0,
    "pct3ResTime" : 3095.970000000005,
    "throughput" : 789.2036934732854,
    "receivedKBytesPerSec" : 288.91722948810275,
    "sentKBytesPerSec" : 200.6424611317181
  },
  "Total" : {
    "transaction" : "Total",
    "sampleCount" : 300000,
    "errorCount" : 4211,
    "errorPct" : 1.4036666,
    "meanResTime" : 504.073606666662,
    "medianResTime" : 570.0,
    "minResTime" : 0.0,
    "maxResTime" : 13318.0,
    "pct1ResTime" : 1146.0,
    "pct2ResTime" : 1321.0,
    "pct3ResTime" : 1782.9900000000016,
    "throughput" : 2317.6940489342473,
    "receivedKBytesPerSec" : 12317.222135644011,
    "sentKBytesPerSec" : 578.9136648102582
  },
  "HTTP Request_create" : {
    "transaction" : "HTTP Request_create",
    "sampleCount" : 100000,
    "errorCount" : 1881,
    "errorPct" : 1.881,
    "meanResTime" : 511.0969100000007,
    "medianResTime" : 874.5,
    "minResTime" : 0.0,
    "maxResTime" : 13318.0,
    "pct1ResTime" : 2082.0,
    "pct2ResTime" : 2374.0,
    "pct3ResTime" : 3099.0,
    "throughput" : 772.672132034214,
    "receivedKBytesPerSec" : 349.8659338394658,
    "sentKBytesPerSec" : 240.62002441402478
  }
}